PERTANYAAN;KATEGORI;IKAN HIU;IKAN PAUS;IKAN API;IKAN AIR
PERTANYAAN;KATEGORI;IKAN HIU;IKAN PAUS;IKAN API;IKAN AIR
PERTANYAAN;KATEGORI;IKAN HIU;IKAN PAUS;IKAN API;IKAN AIR
PERTANYAAN;KATEGORI;IKAN HIU;IKAN PAUS;IKAN API;IKAN AIR
PERTANYAAN;KATEGORI;IKAN HIU;IKAN PAUS;IKAN API;IKAN AIR
PERTANYAAN;KATEGORI;IKAN HIU;IKAN PAUS;IKAN API;IKAN AIR
PERTANYAAN;KATEGORI;IKAN HIU;IKAN PAUS;IKAN API;IKAN AIR
PERTANYAAN;KATEGORI;IKAN HIU;IKAN PAUS;IKAN API;IKAN AIR
PERTANYAAN;KATEGORI;IKAN HIU;IKAN PAUS;IKAN API;IKAN AIR
PERTANYAAN;KATEGORI;IKAN HIU;IKAN PAUS;IKAN API;IKAN AIR
PERTANYAAN;KATEGORI;IKAN HIU;IKAN PAUS;IKAN API;IKAN AIR
PERTANYAAN;KATEGORI;IKAN HIU;IKAN PAUS;IKAN API;IKAN AIR
PERTANYAAN;KATEGORI;IKAN HIU;IKAN PAUS;IKAN API;IKAN AIR
PERTANYAAN;KATEGORI;IKAN HIU;IKAN PAUS;IKAN API;IKAN AIR
PERTANYAAN;KATEGORI;IKAN HIU;IKAN PAUS;IKAN API;IKAN AIR
PERTANYAAN;KATEGORI;IKAN HIU;IKAN PAUS;IKAN API;IKAN AIR
PERTANYAAN;KATEGORI;IKAN HIU;IKAN PAUS;IKAN API;IKAN AIR
PERTANYAAN;KATEGORI;IKAN HIU;IKAN PAUS;IKAN API;IKAN AIR
PERTANYAAN;KATEGORI;IKAN HIU;IKAN PAUS;IKAN API;IKAN AIR
PERTANYAAN;KATEGORI;IKAN HIU;IKAN PAUS;IKAN API;IKAN AIR
PERTANYAAN;KATEGORI;IKAN HIU;IKAN PAUS;IKAN API;IKAN AIR
PERTANYAAN;KATEGORI;IKAN HIU;IKAN PAUS;IKAN API;IKAN AIR
PERTANYAAN;KATEGORI;IKAN HIU;IKAN PAUS;IKAN API;IKAN AIR
PERTANYAAN;KATEGORI;IKAN HIU;IKAN PAUS;IKAN API;IKAN AIR
PERTANYAAN;KATEGORI;IKAN HIU;IKAN PAUS;IKAN API;IKAN AIR
